{
  "corpus_rows": 23367,
  "n_classes": 6,
  "labels": [
    "Arbitration",
    "Liability",
    "None",
    "Obligation",
    "Penalty",
    "Termination"
  ],
  "split": {
    "train": 16404,
    "val": 3495,
    "test": 3468,
    "grouped_on": "contract_id",
    "exact_dupes_dropped": 158
  },
  "seeds": [
    42
  ],
  "keyword": {
    "macro_f1": 0.302045367428623,
    "weighted_f1": 0.30189019537506645,
    "accuracy": 0.3044982698961938
  },
  "tfidf_lr": {
    "mean": {
      "macro_f1": 0.8936506751713101,
      "weighted_f1": 0.8913297371265023,
      "accuracy": 0.8915801614763552
    },
    "std": {
      "macro_f1": 0.0,
      "weighted_f1": 0.0,
      "accuracy": 0.0
    }
  },
  "distilroberta": {
    "mean": {
      "macro_f1": 0.9083367937344796,
      "weighted_f1": 0.9062474890969536,
      "accuracy": 0.9068627450980392,
      "eval_loss": 0.6585243940353394
    },
    "std": {
      "macro_f1": 0.0,
      "weighted_f1": 0.0,
      "accuracy": 0.0,
      "eval_loss": 0.0
    },
    "runs": [
      {
        "macro_f1": 0.9083367937344796,
        "weighted_f1": 0.9062474890969536,
        "accuracy": 0.9068627450980392,
        "eval_loss": 0.6585243940353394
      }
    ]
  },
  "legalbert": {
    "mean": {
      "macro_f1": 0.9223752289540216,
      "weighted_f1": 0.9208154110913089,
      "accuracy": 0.921280276816609,
      "eval_loss": 0.5518273115158081
    },
    "std": {
      "macro_f1": 0.0,
      "weighted_f1": 0.0,
      "accuracy": 0.0,
      "eval_loss": 0.0
    },
    "runs": [
      {
        "macro_f1": 0.9223752289540216,
        "weighted_f1": 0.9208154110913089,
        "accuracy": 0.921280276816609,
        "eval_loss": 0.5518273115158081
      }
    ]
  },
  "calibration": {
    "T_fitted": 1.1443966335411397,
    "ece_raw": 0.03371337792624514,
    "ece_scaled": 0.01752862827519367,
    "accuracy": 0.921280276816609
  },
  "cascade": [
    {
      "order": "Legal-BERT only",
      "macro_f1": 0.9223752289540216,
      "weighted_f1": 0.9208154110913089,
      "accuracy": 0.921280276816609,
      "tier1": 3468,
      "tier2": 0,
      "tier3": 0,
      "bert_pct": 100.0,
      "est_sec": 43.702
    },
    {
      "order": "bert_first",
      "macro_f1": 0.9224432094945572,
      "weighted_f1": 0.9208448558790185,
      "accuracy": 0.921280276816609,
      "tier1": 3367,
      "tier2": 36,
      "tier3": 65,
      "bert_pct": 100.0,
      "est_sec": 43.712
    },
    {
      "order": "lr_first",
      "macro_f1": 0.9171822777530099,
      "weighted_f1": 0.915547638689667,
      "accuracy": 0.9160899653979239,
      "tier1": 2907,
      "tier2": 496,
      "tier3": 65,
      "bert_pct": 16.2,
      "est_sec": 7.387
    }
  ],
  "latency_ms": {
    "lr": 0.09150617382758242,
    "legalbert": 12.60159492968782
  }
}