model,ms_per_sentence
TF-IDF + LogReg,0.09150617382758242
Legal-BERT,12.60159492968782
