model,tier,macro_f1,weighted_f1,accuracy,eval_loss
Keyword-only,3,0.302045367428623,0.30189019537506645,0.3044982698961938,
TF-IDF + LogReg,2,0.8936506751713101,0.8913297371265023,0.8915801614763552,
distilroberta-base (baseline),1,0.9083367937344796,0.9062474890969536,0.9068627450980392,0.6585243940353394
Legal-BERT (proposed),1,0.9223752289540216,0.9208154110913089,0.921280276816609,0.5518273115158081
