configuration,temperature,ece,avg_confidence,accuracy
Raw softmax,1.0,0.03371337792624514,0.9547,0.921280276816609
Temperature scaled,1.1443966335411397,0.01752862827519367,0.9380,0.921280276816609
