order,tier1_count,tier2_count,tier3_count,bert_eval_pct,macro_f1,weighted_f1,accuracy,est_sec
Legal-BERT only,3468,0,0,100.0,0.9223752289540216,0.9208154110913089,0.921280276816609,43.702
Confidence-first (bert_first),3367,36,65,100.0,0.9224432094945572,0.9208448558790185,0.921280276816609,43.712
Lightweight-first (lr_first),2907,496,65,16.2,0.9171822777530099,0.915547638689667,0.9160899653979239,7.387
